{
  "version": "fault-localizer-20260416152636",
  "trained_at": "2026-04-16T15:26:36.335787Z",
  "dataset": "/app/data/fault_localization_labeled.csv",
  "rows": 15157,
  "classes": [
    "cooling",
    "lubrication",
    "rotor",
    "stator"
  ],
  "dropped_classes": [
    "bearing"
  ],
  "calibrated": true,
  "class_counts": {
    "lubrication": 10263,
    "rotor": 2466,
    "stator": 2316,
    "cooling": 112
  },
  "feature_names": [
    "temperature",
    "air_temperature",
    "delta_temperature",
    "torque",
    "tool_wear",
    "speed",
    "voltage",
    "current",
    "power_kw",
    "vibration",
    "efficiency",
    "health_index",
    "failure_probability",
    "time_to_failure_hours",
    "RUL",
    "RUL_std",
    "stage_prob_healthy",
    "stage_prob_warning",
    "stage_prob_critical",
    "power_per_current"
  ],
  "feature_stats": {
    "temperature": {
      "mean": 340.58843994140625,
      "std": 15.699736595153809,
      "p10": 316.38482666015625,
      "p90": 358.6726379394531
    },
    "air_temperature": {
      "mean": 330.92901611328125,
      "std": 17.83616065979004,
      "p10": 303.2766418457031,
      "p90": 348.60630493164064
    },
    "delta_temperature": {
      "mean": 10.004263877868652,
      "std": 7.095580101013184,
      "p10": 0.0,
      "p90": 18.938190460205078
    },
    "torque": {
      "mean": 67.17417907714844,
      "std": 16.98017120361328,
      "p10": 43.73313522338867,
      "p90": 90.68600158691406
    },
    "tool_wear": {
      "mean": 161.3288116455078,
      "std": 82.02505493164062,
      "p10": 67.63285064697266,
      "p90": 291.3594299316406
    },
    "speed": {
      "mean": 1968.1561279296875,
      "std": 645.6051025390625,
      "p10": 1000.0,
      "p90": 3000.0
    },
    "voltage": {
      "mean": 392.78857421875,
      "std": 18.69738006591797,
      "p10": 370.4200134277344,
      "p90": 424.6600036621094
    },
    "current": {
      "mean": 35.044044494628906,
      "std": 17.23165512084961,
      "p10": 16.600000381469727,
      "p90": 57.87600097656249
    },
    "power_kw": {
      "mean": 20.908912658691406,
      "std": 10.187893867492676,
      "p10": 9.862000083923343,
      "p90": 36.02000045776367
    },
    "vibration": {
      "mean": 8.003252983093262,
      "std": 2.0889878273010254,
      "p10": 5.6861998558044435,
      "p90": 11.088000297546387
    },
    "efficiency": {
      "mean": 73.61682891845703,
      "std": 6.438287258148193,
      "p10": 63.79999923706055,
      "p90": 79.66999816894531
    },
    "health_index": {
      "mean": 35.58938217163086,
      "std": 18.461116790771484,
      "p10": 6.440000057220459,
      "p90": 56.220001220703125
    },
    "failure_probability": {
      "mean": 0.6441062092781067,
      "std": 0.18461117148399353,
      "p10": 0.43779999017715454,
      "p90": 0.9355999827384949
    },
    "time_to_failure_hours": {
      "mean": 2.880927562713623,
      "std": 1.0342614650726318,
      "p10": 1.3700000047683716,
      "p90": 4.139999866485596
    },
    "RUL": {
      "mean": 86.42337036132812,
      "std": 31.023469924926758,
      "p10": 41.17462158203125,
      "p90": 124.20712280273438
    },
    "RUL_std": {
      "mean": 0.24341338872909546,
      "std": 0.1795424520969391,
      "p10": 0.0,
      "p90": 0.4647115468978882
    },
    "stage_prob_healthy": {
      "mean": 0.0,
      "std": 0.0,
      "p10": 0.0,
      "p90": 0.0
    },
    "stage_prob_warning": {
      "mean": 0.0,
      "std": 0.0,
      "p10": 0.0,
      "p90": 0.0
    },
    "stage_prob_critical": {
      "mean": 0.0,
      "std": 0.0,
      "p10": 0.0,
      "p90": 0.0
    },
    "power_per_current": {
      "mean": 0.5986768007278442,
      "std": 0.02851186878979206,
      "p10": 0.5646063685417175,
      "p90": 0.6472545981407165
    }
  },
  "weighted_f1": 0.9884945001718713,
  "accuracy": 0.9884564643799473
}