{
  "version": "fault-localizer-20260411075937",
  "trained_at": "2026-04-11T07:59:37.004680Z",
  "dataset": "/app/data/fault_localization_labeled.csv",
  "rows": 5290,
  "classes": [
    "cooling",
    "lubrication",
    "rotor",
    "stator"
  ],
  "dropped_classes": [
    "bearing"
  ],
  "calibrated": true,
  "class_counts": {
    "lubrication": 2365,
    "stator": 1806,
    "rotor": 1083,
    "cooling": 36
  },
  "feature_names": [
    "temperature",
    "air_temperature",
    "delta_temperature",
    "torque",
    "tool_wear",
    "speed",
    "voltage",
    "current",
    "power_kw",
    "vibration",
    "efficiency",
    "health_index",
    "failure_probability",
    "time_to_failure_hours",
    "RUL",
    "RUL_std",
    "stage_prob_healthy",
    "stage_prob_warning",
    "stage_prob_critical",
    "power_per_current"
  ],
  "feature_stats": {
    "temperature": {
      "mean": 343.5987548828125,
      "std": 12.442402839660645,
      "p10": 323.1325378417969,
      "p90": 358.9491271972656
    },
    "air_temperature": {
      "mean": 334.22943115234375,
      "std": 14.43713092803955,
      "p10": 307.9158935546875,
      "p90": 346.7582702636719
    },
    "delta_temperature": {
      "mean": 9.497118949890137,
      "std": 6.556123733520508,
      "p10": 1.8101149678230284,
      "p90": 18.138269424438477
    },
    "torque": {
      "mean": 65.10076904296875,
      "std": 13.723166465759277,
      "p10": 48.493350219726565,
      "p90": 85.66484832763672
    },
    "tool_wear": {
      "mean": 119.05995178222656,
      "std": 73.756103515625,
      "p10": 28.781762123107907,
      "p90": 219.71241149902352
    },
    "speed": {
      "mean": 2136.06689453125,
      "std": 581.030517578125,
      "p10": 1367.0987304687499,
      "p90": 3000.0
    },
    "voltage": {
      "mean": 396.96002197265625,
      "std": 20.6824893951416,
      "p10": 370.57298889160154,
      "p90": 429.7900085449219
    },
    "current": {
      "mean": 34.52484893798828,
      "std": 11.65847396850586,
      "p10": 17.770000457763672,
      "p90": 48.72100105285645
    },
    "power_kw": {
      "mean": 20.717548370361328,
      "std": 6.710231304168701,
      "p10": 10.65999984741211,
      "p90": 28.15999984741211
    },
    "vibration": {
      "mean": 7.915558338165283,
      "std": 1.8077443838119507,
      "p10": 5.851600217819214,
      "p90": 10.663200092315675
    },
    "efficiency": {
      "mean": 76.69760131835938,
      "std": 5.885087966918945,
      "p10": 69.37000274658203,
      "p90": 84.75
    },
    "health_index": {
      "mean": 34.39752960205078,
      "std": 17.232053756713867,
      "p10": 8.869999885559082,
      "p90": 55.47999954223633
    },
    "failure_probability": {
      "mean": 0.656024694442749,
      "std": 0.17232054471969604,
      "p10": 0.44519999623298645,
      "p90": 0.911300003528595
    },
    "time_to_failure_hours": {
      "mean": 2.7979490756988525,
      "std": 0.932614266872406,
      "p10": 1.5499999523162842,
      "p90": 4.079999923706055
    },
    "RUL": {
      "mean": 83.93363189697266,
      "std": 27.97235870361328,
      "p10": 46.526832580566406,
      "p90": 122.49897003173828
    },
    "RUL_std": {
      "mean": 0.2578522264957428,
      "std": 0.1532861590385437,
      "p10": 0.08760534226894379,
      "p90": 0.4316407531499863
    },
    "stage_prob_healthy": {
      "mean": 0.0,
      "std": 0.0,
      "p10": 0.0,
      "p90": 0.0
    },
    "stage_prob_warning": {
      "mean": 0.0,
      "std": 0.0,
      "p10": 0.0,
      "p90": 0.0
    },
    "stage_prob_critical": {
      "mean": 0.0,
      "std": 0.0,
      "p10": 0.0,
      "p90": 0.0
    },
    "power_per_current": {
      "mean": 0.605046272277832,
      "std": 0.03154631331562996,
      "p10": 0.5647850334644318,
      "p90": 0.6551740825176239
    }
  },
  "weighted_f1": 0.9801009385480458,
  "accuracy": 0.9801512287334594
}